,0
2018-01-01,100000.0
2018-01-02,99999.52679520885
2018-01-03,100002.21951202305
2018-01-04,100002.89560956694
2018-01-05,100001.75481595396
2018-01-06,100000.18069453456
2018-01-07,100004.91359067557
2018-01-08,100008.79134014712
2018-01-09,100007.07818534694
2018-01-10,100010.75590564753
2018-01-11,100007.45372892484
2018-01-12,100004.65966214117
2018-01-13,100005.51011426562
2018-01-14,100000.4365343284
2018-01-15,99999.24836586547
2018-01-16,99999.55935149398
2018-01-17,99999.67410495927
2018-01-18,99997.17461471594
2018-01-19,99997.1538920665
2018-01-20,99997.2940510107
2018-01-21,99995.40719128115
2018-01-22,99995.81475422533
2018-01-23,99997.45425790045
2018-01-24,99999.27840371273
2018-01-25,100000.74507283418
2018-01-26,100000.3493148355
2018-01-27,100005.0570702793
2018-01-28,100006.76206326734
2018-01-29,100006.49291892714
2018-01-30,100002.95165470325
2018-01-31,100004.62691155722
2018-02-01,99994.1417490846
2018-02-02,99993.97547021192
2018-02-03,99999.61863070772
2018-02-04,99995.4314168337
2018-02-05,99998.17878580827
2018-02-06,99998.14628556054
2018-02-07,100007.06586103063
2018-02-08,99993.27810913652
2018-02-09,99989.85516352694
2018-02-10,99988.24720676332
2018-02-11,99989.2000708136
2018-02-12,99988.0015992422
2018-02-13,99984.299343814
2018-02-14,99987.74409650876
2018-02-15,99989.20413874982
2018-02-16,99991.16682970319
2018-02-17,99989.2593570299
2018-02-18,99989.02202734214
2018-02-19,99993.93149753433
2018-02-20,100001.36447570802
2018-02-21,99998.53981142568
2018-02-22,99995.39279510053
2018-02-23,99991.62532558327
2018-02-24,99990.64762094735
2018-02-25,99989.38111745931
2018-02-26,99990.81435274806
2018-02-27,99989.4264903743
2018-02-28,99987.03422970767
2018-03-01,99987.61547062288
2018-03-02,99987.40404189707
2018-03-03,99986.7583391597
2018-03-04,99985.47585059342
2018-03-05,99985.90239333102
2018-03-06,99983.84611164949
2018-03-07,99982.10129335913
2018-03-08,99981.98242542607
2018-03-09,99982.39526223295
2018-03-10,99981.19712875104
2018-03-11,99983.25061290257
2018-03-12,99984.69307836816
2018-03-13,99984.90524814159
2018-03-14,99983.33528924038
2018-03-15,99986.57166725665
2018-03-16,99981.11957284714
2018-03-17,99982.75487433684
2018-03-18,99983.93112203223
2018-03-19,99989.57955995559
2018-03-20,99994.17940341994
2018-03-21,99992.67433760373
2018-03-22,99997.46140891951
2018-03-23,99990.86351929062
2018-03-24,99992.90390379795
2018-03-25,100000.51960896963
2018-03-26,99998.5180647581
2018-03-27,99993.56379065479
2018-03-28,99991.65555698508
2018-03-29,99987.97129983286
2018-03-30,99986.08071633856
2018-03-31,99985.57116139415
2018-04-01,99983.207643116
2018-04-02,99983.80025392269
2018-04-03,99983.75092067402
2018-04-04,99982.81446855488
2018-04-05,99984.12284504181
2018-04-06,99986.178624857
2018-04-07,99987.14967114941
2018-04-08,99985.92757732036
2018-04-09,99986.81104557705
2018-04-10,99985.99598684456
2018-04-11,99986.71274788887
2018-04-12,99986.86004074643
2018-04-13,99986.82639746307
2018-04-14,99987.11576774297
2018-04-15,99987.62323010757
2018-04-16,99985.77376830071
2018-04-17,99984.96341149032
2018-04-18,99984.18890399723
2018-04-19,99985.22006563477
2018-04-20,99984.27579889151
2018-04-21,99985.209873907
2018-04-22,99984.98183886296
2018-04-23,99984.79882367603
2018-04-24,99979.92605169353
2018-04-25,99979.85834758528
2018-04-26,99979.76591598909
2018-04-27,99979.89256864024
2018-04-28,99979.8558737632
2018-04-29,99981.99269380444
2018-04-30,99981.39534412349
2018-05-01,99985.06433190215
2018-05-02,99984.03930827437
2018-05-03,99986.28887703516
2018-05-04,99981.61772851902
2018-05-05,99983.21119170234
2018-05-06,99988.17763645021
2018-05-07,99983.6122651035
2018-05-08,99981.48718060457
2018-05-09,99980.94142521863
2018-05-10,99979.36002534252
2018-05-11,99979.88856318392
2018-05-12,99978.53755779313
2018-05-13,99976.73489771172
2018-05-14,99978.46843238657
2018-05-15,99978.11178136073
2018-05-16,99977.35589729744
2018-05-17,99977.44442644231
2018-05-18,99976.77051343149
2018-05-19,99974.37555075777
2018-05-20,99973.32630934745
2018-05-21,99972.48500848032
2018-05-22,99971.34887601962
2018-05-23,99973.53844723156
2018-05-24,99973.92033083801
2018-05-25,99975.68870828881
2018-05-26,99979.59715334902
2018-05-27,99983.50628971873
2018-05-28,99986.99084140861
2018-05-29,99990.15191423938
2018-05-30,99990.19073045216
2018-05-31,99989.8990527523
2018-06-01,99988.22453298331
2018-06-02,99994.9978828454
2018-06-03,99991.23950583802
2018-06-04,99996.5415908582
2018-06-05,99999.31130114441
2018-06-06,99991.8120021441
2018-06-07,99993.36588432694
2018-06-08,99983.2923284742
2018-06-09,99985.81595090234
2018-06-10,99988.92988442558
2018-06-11,99987.1089749353
2018-06-12,99987.78628679007
2018-06-13,99993.82544215069
2018-06-14,99992.68393204302
2018-06-15,99989.84263526936
2018-06-16,99994.33488685562
2018-06-17,100000.65039683621
2018-06-18,100000.21033775047
2018-06-19,100000.93098472731
2018-06-20,100002.64004158355
2018-06-21,99998.941937502
2018-06-22,99997.5264481162
2018-06-23,100001.2006717541
2018-06-24,100005.8687448841
2018-06-25,100009.64467975535
2018-06-26,100006.54887333633
2018-06-27,100015.9852892778
2018-06-28,100013.09430506492
2018-06-29,100016.00733499002
2018-06-30,100019.64923804768
2018-07-01,100023.68677838234
2018-07-02,100024.68426825307
2018-07-03,100028.33299041398
2018-07-04,100030.43616442471
2018-07-05,100032.51573881901
2018-07-06,100036.35081158037
2018-07-07,100022.07344027534
2018-07-08,100019.32248725643
2018-07-09,100018.74749440723
2018-07-10,100015.92754725901
2018-07-11,100016.97834896877
2018-07-12,100017.06232203518
2018-07-13,100017.29062567042
2018-07-14,100022.0267764292
2018-07-15,100021.1169320645
2018-07-16,100019.99959463805
2018-07-17,100019.98990737808
2018-07-18,100019.38528153974
2018-07-19,100019.70620312559
2018-07-20,100018.65859148034
2018-07-21,100016.5503253129
2018-07-22,100015.29178242748
2018-07-23,100014.47638449805
2018-07-24,100014.47499627851
2018-07-25,100014.26147364592
2018-07-26,100014.12228109126
2018-07-27,100013.3715680555
2018-07-28,100012.25493336593
2018-07-29,100009.69922509964
2018-07-30,100010.80525195772
2018-07-31,100012.70166936125
2018-08-01,100015.0916892954
2018-08-02,100016.75374659992
2018-08-03,100015.52841536833
2018-08-04,100018.1666120221
2018-08-05,100016.85966785482
2018-08-06,100017.06822386962
2018-08-07,100016.06216974791
2018-08-08,100016.84641323447
2018-08-09,100024.32292916517
2018-08-10,100016.1711264191
2018-08-11,100018.02173884741
2018-08-12,100011.45392106564
2018-08-13,100010.74043114696
2018-08-14,100014.25572595799
2018-08-15,100015.76252505335
2018-08-16,100013.32057997285
2018-08-17,100012.22436710208
2018-08-18,100015.59929655364
2018-08-19,100017.92719579878
2018-08-20,100019.56648193959
2018-08-21,100018.8132571141
2018-08-22,100016.78347216698
2018-08-23,100016.59277079151
2018-08-24,100017.90274648686
2018-08-25,100020.64474459412
2018-08-26,100020.50529238803
2018-08-27,100023.93532053156
2018-08-28,100021.0506144911
2018-08-29,100027.27271965829
2018-08-30,100028.60524925559
2018-08-31,100026.54605319281
2018-09-01,100025.35406665251
2018-09-02,100016.32700604638
2018-09-03,100015.4228219652
2018-09-04,100017.9208185131
2018-09-05,100018.7556267573
2018-09-06,100018.98380854409
2018-09-07,100019.04063234529
2018-09-08,100020.37244837805
2018-09-09,100017.88281763809
2018-09-10,100018.8117831935
2018-09-11,100019.95789650177
2018-09-12,100018.8201588672
2018-09-13,100014.65906242336
2018-09-14,100015.00516574971
2018-09-15,100012.96720459833
2018-09-16,100013.53801795443
2018-09-17,100014.60166731259
2018-09-18,100013.64728535473
2018-09-19,100013.90963979074
2018-09-20,100007.55535628469
2018-09-21,100007.58798137166
2018-09-22,100008.7185801306
2018-09-23,100010.21689185614
2018-09-24,100008.22963573471
2018-09-25,100008.98000831284
2018-09-26,100008.92363002883
2018-09-27,100009.52321750652
2018-09-28,100007.2568561015
2018-09-29,100010.58655101983
2018-09-30,100008.34808332019
2018-10-01,100005.16128844138
2018-10-02,100005.6176593289
2018-10-03,100006.2972540494
2018-10-04,100005.20788363906
2018-10-05,100005.7045833153
2018-10-06,100005.09734400452
2018-10-07,100006.79674696496
2018-10-08,100008.95085736355
2018-10-09,100011.63524009795
2018-10-10,100008.02310302095
2018-10-11,100010.75843346618
2018-10-12,100002.88893680662
2018-10-13,100005.0379666879
2018-10-14,100001.86453686812
2018-10-15,100003.23425849543
2018-10-16,99998.94872347757
2018-10-17,99996.3266424224
2018-10-18,99994.08966386082
2018-10-19,99992.85402622528
2018-10-20,99992.77325710621
2018-10-21,99993.07060749685
2018-10-22,99993.4552586554
2018-10-23,99991.51229043082
2018-10-24,99992.24546465141
2018-10-25,99992.85386573973
2018-10-26,99992.75777609993
2018-10-27,99993.04297080393
2018-10-28,99991.8768997916
2018-10-29,99991.38469969702
2018-10-30,99992.28316030484
2018-10-31,99993.41304279484
2018-11-01,99992.64711680546
2018-11-02,99994.34570972038
2018-11-03,99993.53236438597
2018-11-04,99991.88891610761
2018-11-05,99992.97376947232
2018-11-06,99993.70829550237
2018-11-07,99995.04712005224
2018-11-08,99995.3066827691
2018-11-09,99994.9234621218
2018-11-10,99996.86560345252
2018-11-11,100000.70571260415
2018-11-12,100000.64517784459
2018-11-13,100003.36801808544
2018-11-14,100002.30968036401
2018-11-15,100003.90893603937
2018-11-16,100005.20859080621
2018-11-17,100006.72889978952
2018-11-18,100007.64906975259
2018-11-19,100005.42850134766
2018-11-20,100015.83488797469
2018-11-21,100017.83228258905
2018-11-22,100016.82134339951
2018-11-23,100017.75578511266
2018-11-24,100030.27218004082
2018-11-25,100034.44819524277
2018-11-26,100039.23053362439
2018-11-27,100030.84438515194
2018-11-28,100030.09049392705
2018-11-29,100028.39298513476
2018-11-30,100026.0638383547
2018-12-01,100038.69618700651
2018-12-02,100033.92182235529
2018-12-03,100031.58441001386
2018-12-04,100028.92758800171
2018-12-05,100012.8185942224
2018-12-06,100017.46871179919
2018-12-07,100012.66555990769
2018-12-08,100013.19644288553
2018-12-09,100012.77908111777
2018-12-10,100012.69534911729
2018-12-11,100012.91711767012
2018-12-12,100012.89391549156
2018-12-13,100013.31604992937
2018-12-14,100012.40395934998
2018-12-15,100013.01473717242
2018-12-16,100013.01784909147
2018-12-17,100010.03150146863
2018-12-18,100005.58180087247
2018-12-19,100005.1214426136
2018-12-20,100004.3546344183
2018-12-21,100004.82758366979
2018-12-22,100005.56872793038
2018-12-23,100006.34573944128
2018-12-24,100008.61241345876
2018-12-25,100010.31768688376
2018-12-26,100010.7770021331
2018-12-27,100010.67014056435
2018-12-28,100009.14329071499
2018-12-29,100009.8171990399
2018-12-30,100008.76048777276
2018-12-31,100009.74816909405
2019-01-01,100009.55390370512
2019-01-02,100009.54526785531
2019-01-03,100009.76682937749
2019-01-04,100010.25661737437
2019-01-05,100009.10982578208
2019-01-06,100009.55222927478
2019-01-07,100013.16796905886
2019-01-08,100018.28351349401
2019-01-09,100022.43677932488
2019-01-10,100024.4854044668
2019-01-11,100020.0095725677
2019-01-12,100024.86245548668
2019-01-13,100028.85691952276
2019-01-14,100040.62796861329
2019-01-15,100035.21527601672
2019-01-16,100031.7555844718
2019-01-17,100025.75002511714
2019-01-18,100019.13025121517
2019-01-19,100020.303032858
2019-01-20,100018.50648148183
2019-01-21,100019.896041196
2019-01-22,100019.77487438044
2019-01-23,100021.62223205468
2019-01-24,100021.09456225166
2019-01-25,100020.29689651112
2019-01-26,100014.5885114414
2019-01-27,100015.41699643117
2019-01-28,100013.5388754813
2019-01-29,100013.34794825665
2019-01-30,100013.26207190433
2019-01-31,100011.84486478857
2019-02-01,100009.51895159022
2019-02-02,100009.31865434065
2019-02-03,100007.98836932241
2019-02-04,100006.54429248281
2019-02-05,100007.91818133426
2019-02-06,100007.199281008
2019-02-07,100007.48333708564
2019-02-08,100007.4159862001
2019-02-09,100007.07799554794
2019-02-10,100007.68154299566
2019-02-11,100007.7733518825
2019-02-12,100005.4339682346
2019-02-13,100005.72445006388
2019-02-14,100005.02677016293
2019-02-15,100004.842773174
2019-02-16,100005.77376445537
2019-02-17,100005.84606361942
2019-02-18,100004.37980836842
2019-02-19,100004.38516116406
2019-02-20,100005.88693497295
2019-02-21,100000.24259492377
2019-02-22,99998.96337449082
2019-02-23,99999.2580347524
2019-02-24,99998.5289631934
2019-02-25,99999.73320520278
2019-02-26,99999.61747982157
2019-02-27,99998.85484147043
2019-02-28,100000.28223671437
2019-03-01,99999.84229809369
2019-03-02,100003.69151189807
2019-03-03,100000.42379471398
2019-03-04,100001.46483428012
2019-03-05,100004.9691186639
2019-03-06,99997.82804857846
2019-03-07,99993.90192541623
2019-03-08,99988.63983571329
2019-03-09,99986.54533925446
2019-03-10,99989.71184616168
2019-03-11,99994.81014933549
2019-03-12,99995.2869450857
2019-03-13,99999.2845710736
2019-03-14,99991.30416336418
2019-03-15,99987.15638801156
2019-03-16,99987.55402683097
2019-03-17,99985.91491120138
2019-03-18,99986.00739416857
2019-03-19,99984.65442007272
2019-03-20,99983.67342535697
2019-03-21,99985.3524054188
2019-03-22,99984.27597618787
2019-03-23,99981.19222038885
2019-03-24,99982.80579524554
2019-03-25,99984.42335332258
2019-03-26,99987.08065532647
2019-03-27,99986.72583885881
2019-03-28,99983.39728057354
2019-03-29,99985.44268144673
2019-03-30,99984.61152507868
2019-03-31,99984.09660462844
2019-04-01,99986.82394723948
2019-04-02,99989.7035589649
2019-04-03,99994.09296854453
2019-04-04,99993.3686632481
2019-04-05,100001.26245671987
2019-04-06,100001.45638124637
2019-04-07,100002.95743493551
2019-04-08,100002.60429972805
2019-04-09,99997.65392123708
2019-04-10,99999.23412169135
2019-04-11,100000.61516639907
2019-04-12,99996.89099902248
2019-04-13,99997.91959831741
2019-04-14,99999.69729550344
2019-04-15,99999.70968682758
2019-04-16,99998.70018620735
2019-04-17,100002.47213504395
2019-04-18,100005.28410572605
2019-04-19,100007.78758131899
2019-04-20,100006.87411708018
2019-04-21,100005.44676052858
2019-04-22,100008.80497156375
2019-04-23,100008.1835231347
2019-04-24,100004.18981931952
2019-04-25,100006.33046064834
2019-04-26,100005.44232055295
2019-04-27,100005.97806401337
2019-04-28,100004.71890203627
2019-04-29,100003.59828347973
2019-04-30,100002.81466569727
2019-05-01,100003.5394953681
2019-05-02,100003.18210644949
2019-05-03,100002.19391206236
2019-05-04,100004.92011900197
2019-05-05,100001.56128558304
2019-05-06,100001.96440621522
2019-05-07,100001.76255348473
2019-05-08,100000.67652275125
2019-05-09,99999.56085856809
2019-05-10,100003.62064372655
2019-05-11,100005.07351538855
2019-05-12,100003.98196872376
2019-05-13,100003.51041091846
2019-05-14,100002.01505438492
2019-05-15,100001.3799728384
2019-05-16,99999.98886273884
2019-05-17,99997.65698208903
2019-05-18,99998.88112711944
2019-05-19,99998.1055438004
2019-05-20,99998.19045605639
2019-05-21,99998.39834807544
2019-05-22,99999.31283547234
2019-05-23,100001.18870523092
2019-05-24,100000.51926856961
2019-05-25,99995.86224562334
2019-05-26,99995.73566754817
2019-05-27,99995.47645075523
2019-05-28,99994.85381026559
2019-05-29,99996.67617378554
2019-05-30,99994.89856514873
2019-05-31,99993.7904174348
2019-06-01,99992.5760692965
2019-06-02,99993.93960002395
2019-06-03,99996.29858565948
2019-06-04,99995.87673304707
2019-06-05,99998.67263214845
2019-06-06,99998.54182707866
2019-06-07,99999.0091397962
2019-06-08,100000.47678610457
2019-06-09,100002.20172382216
2019-06-10,100000.23898426029
2019-06-11,100002.17312087273
2019-06-12,100001.69614606767
2019-06-13,100001.46851879443
2019-06-14,100003.5912635137
2019-06-15,100005.00760891936
2019-06-16,100003.99340721717
2019-06-17,100004.3423383652
2019-06-18,100005.69529649308
2019-06-19,100008.08015908016
2019-06-20,100007.76769891618
2019-06-21,100010.64217897307
2019-06-22,100011.4930058766
2019-06-23,100006.70170568896
2019-06-24,100008.965376762
2019-06-25,100005.95406851941
2019-06-26,100009.99396014141
2019-06-27,100007.90886347218
2019-06-28,100003.03108968427
2019-06-29,100008.6450607233
2019-06-30,100010.62571043853
2019-07-01,100008.03865312769
2019-07-02,100007.90816197991
2019-07-03,100007.45953258056
2019-07-04,100006.24366465758
2019-07-05,100006.47521149425
2019-07-06,100007.4184211466
2019-07-07,100002.6882459144
2019-07-08,100001.36355194758
2019-07-09,100000.87247941771
2019-07-10,100000.83128794012
2019-07-11,100000.62734334759
2019-07-12,100000.81418447473
2019-07-13,100000.77146680902
2019-07-14,100000.62189564244
2019-07-15,100000.5916644603
2019-07-16,99998.9258557152
2019-07-17,99998.57956818401
2019-07-18,99998.0280550388
2019-07-19,99998.82855510866
2019-07-20,99998.50856216678
2019-07-21,99995.51257183704
2019-07-22,99994.71972464038
2019-07-23,99992.75135832738
2019-07-24,99995.30276134226
2019-07-25,99992.35852698227
2019-07-26,99991.34348682899
2019-07-27,99991.8786972975
2019-07-28,99991.88558578373
2019-07-29,99991.7052858168
2019-07-30,99991.9150536132
2019-07-31,99990.88707849871
2019-08-01,99990.40567981705
2019-08-02,99991.04438749471
2019-08-03,99990.93167743534
2019-08-04,99990.02530082017
2019-08-05,99991.10412347583
2019-08-06,99990.38261365489
2019-08-07,99990.29858423946
2019-08-08,99988.35920416686
2019-08-09,99988.3168599576
2019-08-10,99988.74200198703
2019-08-11,99988.68805503748
2019-08-12,99989.2855818717
2019-08-13,99988.284343197
2019-08-14,99988.2813386265
2019-08-15,99987.59103744509
2019-08-16,99988.81126314503
2019-08-17,99987.81856699548
2019-08-18,99988.8902583787
2019-08-19,99992.5726068024
2019-08-20,99993.23421500652
2019-08-21,99993.7001335127
2019-08-22,99997.46615410931
2019-08-23,100001.30214633491
2019-08-24,100001.72634685613
2019-08-25,99994.52446676356
2019-08-26,99993.97851673316
2019-08-27,99997.37854414489
2019-08-28,99996.23684086444
2019-08-29,99999.24667468094
2019-08-30,100000.33057169644
2019-08-31,100003.22117008599
2019-09-01,100008.71483412117
2019-09-02,100010.7810815715
2019-09-03,100010.2939380158
2019-09-04,100010.63591420562
2019-09-05,100012.69297709544
2019-09-06,100015.88141984252
2019-09-07,100014.72043202296
2019-09-08,100021.05882878494
2019-09-09,100016.73826014117
2019-09-10,100021.74981903688
2019-09-11,100025.9452172798
2019-09-12,100032.75684289454
2019-09-13,100032.8199837463
2019-09-14,100030.6812678475
2019-09-15,100033.18356171074
2019-09-16,100033.6060771229
2019-09-17,100037.14028252538
2019-09-18,100038.60565514209
2019-09-19,100036.66868416272
2019-09-20,100038.83091822518
2019-09-21,100034.79864063014
2019-09-22,100040.31601154702
2019-09-23,100031.96145067876
2019-09-24,100034.90039671128
2019-09-25,100032.8158901789
2019-09-26,100031.63502100093
2019-09-27,100029.18763233337
2019-09-28,100026.20487522002
2019-09-29,100026.2689451889
2019-09-30,100023.70497323558
2019-10-01,100019.80666911644
2019-10-02,100019.99204175347
2019-10-03,100017.01758189274
2019-10-04,100015.92543657505
2019-10-05,100016.16090796074
2019-10-06,100015.87560236682
2019-10-07,100016.50633958871
2019-10-08,100017.10722058639
2019-10-09,100024.46580205241
2019-10-10,100023.31277439068
2019-10-11,100023.50429768492
2019-10-12,100020.63516695664
2019-10-13,100015.34292551123
2019-10-14,100013.1442454695
2019-10-15,100013.6237358997
2019-10-16,100015.87768483079
2019-10-17,100009.71636634061
2019-10-18,100009.17747934317
2019-10-19,100009.86452323956
2019-10-20,100009.9639715879
2019-10-21,100010.28113113814
2019-10-22,100007.79210149708
2019-10-23,100006.91779966505
2019-10-24,100005.8215832378
2019-10-25,100007.14692905934
2019-10-26,100004.58329014323
2019-10-27,100006.56970945098
2019-10-28,100009.31043154809
2019-10-29,100011.19484206769
2019-10-30,100011.72625938576
2019-10-31,100005.57826046973
2019-11-01,100004.41714613812
2019-11-02,100008.86127294369
2019-11-03,100008.73498719915
2019-11-04,100008.77689851234
2019-11-05,100008.12286924696
2019-11-06,100005.56232815127
2019-11-07,100005.76063041658
2019-11-08,100010.0208774764
2019-11-09,100003.36121952721
2019-11-10,100001.28788364645
2019-11-11,99998.32796944825
2019-11-12,99998.32228433472
2019-11-13,99999.46346191465
2019-11-14,99999.87889897866
2019-11-15,99999.19999081636
2019-11-16,100001.35204010906
2019-11-17,99997.04857812467
2019-11-18,99998.01273886143
2019-11-19,99998.27248932557
2019-11-20,99997.75695411376
2019-11-21,99997.39099930595
2019-11-22,99996.59408166543
2019-11-23,99996.3009418908
2019-11-24,99995.23251102249
2019-11-25,99994.65561854126
2019-11-26,99994.5956494946
2019-11-27,99994.43853750535
2019-11-28,99996.43425879865
2019-11-29,99995.59765100967
2019-11-30,99997.27133121894
2019-12-01,99995.01165348238
2019-12-02,99993.19251650327
2019-12-03,99995.00724140482
2019-12-04,99998.56943509704
2019-12-05,99997.71734331407
2019-12-06,99998.23459736699
2019-12-07,99995.60745875345
2019-12-08,99996.62949434125
2019-12-09,99996.21963133181
2019-12-10,100001.32372089746
2019-12-11,99996.86125922711
2019-12-12,99995.93002068593
2019-12-13,99996.35011082487
2019-12-14,99997.91863798606
2019-12-15,99996.99606409857
2019-12-16,99994.96218965408
2019-12-17,99995.44078780508
2019-12-18,99996.8974317031
2019-12-19,99994.87439371084
2019-12-20,99996.97234889603
2019-12-21,99999.46157406285
2019-12-22,99999.65815889611
2019-12-23,100000.74475407234
2019-12-24,100003.68148999053
2019-12-25,99999.70392456577
2019-12-26,99999.52793561084
2019-12-27,99995.31281648112
2019-12-28,99996.38624148244
2019-12-29,99993.22246464528
2019-12-30,99994.75313380937
2019-12-31,99994.79400924135
2020-01-01,99994.75856712984
2020-01-02,99995.24828271156
2020-01-03,99994.58582160146
2020-01-04,99996.29244326505
2020-01-05,99993.7216622549
2020-01-06,99992.61004957938
2020-01-07,99992.52924403855
2020-01-08,99990.81845747489
2020-01-09,99989.85700243586
2020-01-10,99988.03265681867
2020-01-11,99988.10327683763
2020-01-12,99990.4261918722
2020-01-13,99988.48877894481
2020-01-14,99987.7430751786
2020-01-15,99989.42090184451
2020-01-16,99989.25670716449
2020-01-17,99991.13798981649
2020-01-18,99990.11192594231
2020-01-19,99989.3680262302
2020-01-20,99990.95282249448
2020-01-21,99992.25550846008
2020-01-22,99994.12730914367
2020-01-23,99996.38818870559
2020-01-24,99992.27845775223
2020-01-25,99994.36777012353
2020-01-26,99990.68798215374
2020-01-27,99986.9381614044
2020-01-28,99986.06974766246
2020-01-29,99987.67522936154
2020-01-30,99986.26557105761
2020-01-31,99984.37297206087
2020-02-01,99985.06269052066
2020-02-02,99984.3427396663
2020-02-03,99985.31456184498
2020-02-04,99981.9643873958
2020-02-05,99977.85011858349
2020-02-06,99978.48787108487
2020-02-07,99980.81239272062
2020-02-08,99981.88895460402
2020-02-09,99983.35365603051
2020-02-10,99983.4078000746
2020-02-11,99980.31094010684
2020-02-12,99982.71279224975
2020-02-13,99986.63642530655
2020-02-14,99988.41785387408
2020-02-15,99983.57359815757
2020-02-16,99981.68034197764
2020-02-17,99982.35727815553
2020-02-18,99980.10664838548
2020-02-19,99979.63995618933
2020-02-20,99980.05355625476
2020-02-21,99977.30233450384
2020-02-22,99980.65488459502
2020-02-23,99983.3300792983
2020-02-24,99983.70639922128
2020-02-25,99983.09880987903
2020-02-26,99987.84316498948
2020-02-27,99983.44506249767
2020-02-28,99992.09430260165
2020-02-29,99988.5642898299
2020-03-01,99991.26839675572
2020-03-02,99995.00431101739
2020-03-03,99994.55702262797
2020-03-04,99990.36404195472
2020-03-05,99987.99953682884
2020-03-06,99989.95061363047
2020-03-07,99990.21029204105
2020-03-08,99989.20170567454
2020-03-09,99988.5631161968
2020-03-10,99988.88450136363
2020-03-11,99981.56812308537
2020-03-12,99982.57426715945
2020-03-13,99979.85220643826
2020-03-14,99978.42416925284
2020-03-15,99978.94934686924
2020-03-16,99974.44722825674
2020-03-17,99973.69993041614
2020-03-18,99972.53223320252
2020-03-19,99971.24890063691
2020-03-20,99970.67232074695
2020-03-21,99970.20882624446
2020-03-22,99969.08103351125
2020-03-23,99969.42901826937
2020-03-24,99969.7005046453
2020-03-25,99973.05215002657
2020-03-26,99965.81029278696
2020-03-27,99962.13343580373
2020-03-28,99966.60396099016
2020-03-29,99969.88107509227
2020-03-30,99971.69700628326
2020-03-31,99974.15744140981
2020-04-01,99973.99177060211
2020-04-02,99979.24017499728
2020-04-03,99971.43063923797
2020-04-04,99968.32897920042
2020-04-05,99971.12370246665
2020-04-06,99975.71734301778
2020-04-07,99974.87733736451
2020-04-08,99972.55190968553
2020-04-09,99970.34100453142
2020-04-10,99966.91247079718
2020-04-11,99965.92950240782
2020-04-12,99964.04414191427
2020-04-13,99961.97769635494
2020-04-14,99961.78041503421
2020-04-15,99961.89845440917
2020-04-16,99962.18817760918
2020-04-17,99959.68382761363
2020-04-18,99960.42327963815
2020-04-19,99960.44994793557
2020-04-20,99961.52637107868
2020-04-21,99965.05210621176
2020-04-22,99963.68339619669
2020-04-23,99964.80283493118
2020-04-24,99966.26747889309
2020-04-25,99966.71997137788
2020-04-26,99966.5436440981
2020-04-27,99965.03953292
2020-04-28,99961.8178110285
2020-04-29,99961.84276640833
2020-04-30,99962.28180843403
2020-05-01,99962.54322416574
2020-05-02,99965.14188678432
2020-05-03,99964.16126031733
2020-05-04,99964.70030954518
2020-05-05,99965.82472583238
2020-05-06,99962.58157018769
2020-05-07,99961.93413490291
2020-05-08,99961.33567961048
2020-05-09,99963.47587148
2020-05-10,99964.2746626836
2020-05-11,99960.44468302705
2020-05-12,99960.30877465726
2020-05-13,99961.52484375297
2020-05-14,99960.40426634537
2020-05-15,99959.59267126085
2020-05-16,99959.88552776843
2020-05-17,99960.68495763472
2020-05-18,99960.05131165836
2020-05-19,99960.73810306647
2020-05-20,99960.43117282385
2020-05-21,99959.39104868496
2020-05-22,99958.10166224591
2020-05-23,99957.86501783965
2020-05-24,99959.06591293676
2020-05-25,99961.5965983476
2020-05-26,99960.96500208737
2020-05-27,99962.84155668384
2020-05-28,99964.67974409711
2020-05-29,99967.79365111433
2020-05-30,99968.34789929133
2020-05-31,99963.56113383274
2020-06-01,99962.9270893065
2020-06-02,99966.19034027876
2020-06-03,99966.6383095039
2020-06-04,99971.09444198394
2020-06-05,99976.54656611328
2020-06-06,99977.85634629519
2020-06-07,99975.73204641422
2020-06-08,99979.13183082353
2020-06-09,99979.65199309346
2020-06-10,99980.24222596284
2020-06-11,99982.78934455935
2020-06-12,99986.66729268074
2020-06-13,99992.56436246833
2020-06-14,99996.58651414243
2020-06-15,99995.69092667209
2020-06-16,99998.30769977631
2020-06-17,100002.20858699421
2020-06-18,99995.26842817351
2020-06-19,99998.0117305726
2020-06-20,99995.81788289224
2020-06-21,99998.09479108128
2020-06-22,100001.51506008001
2020-06-23,100000.58871999184
2020-06-24,100000.91626624993
2020-06-25,99994.02167701468
2020-06-26,99996.7732337687
2020-06-27,99999.44094080989
2020-06-28,100008.43042508364
2020-06-29,100006.94795862152
2020-06-30,100008.28054848863
2020-07-01,100009.42766076874
2020-07-02,100015.14971129908
2020-07-03,100014.87105415162
2020-07-04,100015.83973318484
2020-07-05,100017.22753906382
2020-07-06,100018.08430446063
2020-07-07,100016.8675159732
2020-07-08,100018.06286341825
2020-07-09,100020.48951842816
2020-07-10,100015.6565110208
2020-07-11,100015.23909938129
2020-07-12,100013.34666754915
2020-07-13,100015.75626832391
2020-07-14,100012.95832134102
2020-07-15,100012.24104448828
2020-07-16,100015.40780004294
2020-07-17,100020.50963724042
2020-07-18,100014.59294107229
2020-07-19,100011.69386179396
2020-07-20,100015.72283521584
2020-07-21,100017.58654476833
2020-07-22,100016.02270204159
2020-07-23,100016.76810795712
2020-07-24,100015.23656601865
2020-07-25,100017.00983257855
2020-07-26,100014.77290308241
2020-07-27,100008.94184127265
2020-07-28,100008.14919500973
2020-07-29,100009.42135768113
2020-07-30,100008.21295679908
2020-07-31,100007.09456278547
2020-08-01,100006.45422810431
2020-08-02,100005.16699414027
2020-08-03,100005.1697842015
2020-08-04,100006.64000587743
2020-08-05,100007.09725480518
2020-08-06,100006.97344396485
2020-08-07,100006.60959416478
2020-08-08,100006.93825483267
2020-08-09,100006.24868684706
2020-08-10,100008.2854897217
2020-08-11,100003.94429805732
2020-08-12,100003.27747048251
2020-08-13,100003.72288780131
2020-08-14,100000.91585780075
2020-08-15,100001.32902042028
2020-08-16,100002.3513931461
2020-08-17,100001.84439837302
2020-08-18,100002.16459888696
2020-08-19,100003.32230860321
2020-08-20,100002.9733253224
2020-08-21,100003.97618175518
2020-08-22,100004.07760996495
2020-08-23,100008.70925542549
2020-08-24,100004.2086439716
2020-08-25,100008.39167854878
2020-08-26,100010.26275677461
2020-08-27,100005.80125729661
2020-08-28,100003.17456653739
2020-08-29,100001.9615157752
2020-08-30,100005.71829732019
2020-08-31,100001.28895340276
2020-09-01,99998.30579961209
2020-09-02,99994.16093960294
2020-09-03,99993.10085334665
2020-09-04,99987.89872081538
2020-09-05,99987.79113580438
2020-09-06,99987.52486500132
2020-09-07,99986.49788394183
2020-09-08,99986.22150361394
2020-09-09,99986.72004297879
2020-09-10,99986.8718406212
2020-09-11,99988.49285675804
2020-09-12,99991.89369532466
2020-09-13,99985.30471105156
2020-09-14,99987.21557510478
2020-09-15,99988.4007563932
2020-09-16,99990.34730270058
2020-09-17,99995.34928680559
2020-09-18,99994.5106143092
2020-09-19,99995.0914490057
2020-09-20,99994.81133042075
2020-09-21,99991.67626157995
2020-09-22,99993.48100562744
2020-09-23,99993.50139827207
2020-09-24,99986.30463094819
2020-09-25,99986.94385337883
2020-09-26,99987.9683781419
2020-09-27,99988.62226343463
2020-09-28,99989.0851374943
2020-09-29,99986.69948066765
2020-09-30,99986.65471838826
2020-10-01,99986.09713910894
2020-10-02,99983.9048582296
2020-10-03,99984.0138042059
2020-10-04,99984.69609317201
2020-10-05,99986.44216049557
2020-10-06,99985.55937516943
2020-10-07,99986.88652045865
2020-10-08,99987.20569056644
2020-10-09,99990.16673385179
2020-10-10,99987.61995525671
2020-10-11,99993.91164377978
2020-10-12,99995.01301812306
2020-10-13,99992.27494701288
2020-10-14,99988.20220115839
2020-10-15,99987.02233539418
2020-10-16,99987.89819071755
2020-10-17,99989.65412856768
2020-10-18,99987.45646093524
2020-10-19,99987.94324223277
2020-10-20,99991.29324248253
2020-10-21,99998.13002447765
2020-10-22,100002.1814058382
2020-10-23,99999.62303508923
2020-10-24,100000.45208945526
2020-10-25,100000.04387860997
2020-10-26,99994.95901614739
2020-10-27,99992.88409810276
2020-10-28,99989.53886702665
2020-10-29,99989.8502389721
2020-10-30,99992.48461680415
2020-10-31,99991.99505016633
2020-11-01,99996.21280823073
2020-11-02,99991.86008637187
2020-11-03,99991.57608788347
2020-11-04,99992.64422467841
2020-11-05,99991.71923441443
2020-11-06,99995.20010292881
2020-11-07,99995.0899397614
2020-11-08,99996.26079032691
2020-11-09,99994.37431588293
2020-11-10,99992.35137673047
2020-11-11,99995.15329602864
2020-11-12,99995.8260532421
2020-11-13,99994.40657452826
2020-11-14,99993.37248705565
2020-11-15,99993.38834336834
2020-11-16,99993.69019349698
2020-11-17,99991.92620148322
2020-11-18,99991.99129050138
2020-11-19,99992.74992408631
2020-11-20,99991.62851724346
2020-11-21,99990.0645253586
2020-11-22,99990.53852933386
2020-11-23,99991.97586420202
2020-11-24,99993.70404365777
2020-11-25,99992.14389227358
2020-11-26,99994.34076461464
2020-11-27,99986.5055093594
2020-11-28,99987.9987657097
2020-11-29,99984.3216583217
2020-11-30,99984.07733491262
2020-12-01,99983.81974306311
2020-12-02,99984.17685014624
2020-12-03,99980.34945904746
2020-12-04,99981.10454826118
2020-12-05,99981.43110041684
2020-12-06,99980.9991114402
2020-12-07,99980.91180196087
2020-12-08,99981.7650899328
2020-12-09,99982.67453342665
2020-12-10,99980.97765532552
2020-12-11,99981.84026208155
2020-12-12,99983.5911502989
2020-12-13,99984.20936782511
2020-12-14,99981.0495993242
2020-12-15,99979.52549947769
2020-12-16,99979.73740012037
2020-12-17,99980.38482778378
2020-12-18,99980.89327830933
2020-12-19,99978.71535580773
2020-12-20,99978.60108412655
2020-12-21,99979.08080298138
2020-12-22,99979.3991933524
2020-12-23,99980.08341725358
2020-12-24,99980.65509015991
2020-12-25,99979.82423739428
2020-12-26,99979.3709639261
2020-12-27,99978.40337307377
2020-12-28,99979.85598142215
2020-12-29,99979.59987382242
2020-12-30,99980.45010950963
2020-12-31,99980.20806474944
2021-01-01,99980.19307182063
2021-01-02,99976.29456095526
2021-01-03,99977.84628639306
2021-01-04,99978.70464129002
2021-01-05,99980.68071988842
2021-01-06,99974.90151294337
2021-01-07,99973.28398792364
2021-01-08,99973.25729346508
2021-01-09,99975.89722178805
2021-01-10,99974.02266935751
2021-01-11,99974.44941133242
2021-01-12,99973.59105301718
2021-01-13,99973.04486205675
2021-01-14,99972.78539891509
2021-01-15,99973.43215428527
2021-01-16,99973.43104690914
2021-01-17,99974.62137961765
2021-01-18,99976.32469965726
2021-01-19,99977.62098286739
2021-01-20,99976.41503744014
2021-01-21,99979.10116154156
2021-01-22,99978.97133506462
2021-01-23,99979.54799745983
2021-01-24,99982.76429215257
2021-01-25,99985.67849255368
2021-01-26,99990.72025416233
2021-01-27,99992.5823293533
2021-01-28,99983.60484253977
2021-01-29,99988.48367178904
2021-01-30,99984.01487598519
2021-01-31,99987.1064674442
2021-02-01,99985.85220436013
2021-02-02,99983.86963955397
2021-02-03,99987.89303980775
2021-02-04,99989.93227620028
2021-02-05,99994.35551844652
2021-02-06,99999.8759399898
2021-02-07,100003.49462477042
2021-02-08,100004.91990179203
2021-02-09,100011.87098935487
2021-02-10,100018.98864171548
2021-02-11,100016.79335966709
2021-02-12,100017.56677283334
2021-02-13,100017.62537546427
2021-02-14,100017.97652224933
2021-02-15,100025.57939691195
2021-02-16,100024.47173507135
2021-02-17,100028.20893786463
2021-02-18,100033.71561110066
2021-02-19,100029.12383035517
2021-02-20,100022.86243402938
2021-02-21,100019.51646990622
2021-02-22,100022.88139203865
2021-02-23,100019.02695721762
2021-02-24,100022.54404633811
2021-02-25,100021.32230121669
2021-02-26,100021.3493274954
2021-02-27,100017.09451673391
2021-02-28,100011.6093330682
2021-03-01,100011.2376465948
2021-03-02,100008.45990304684
2021-03-03,100006.57984158104
2021-03-04,100006.07864780245
2021-03-05,100004.73256335
2021-03-06,100007.38823118064
2021-03-07,100003.90370759094
2021-03-08,100003.92869052975
2021-03-09,100007.81655119047
2021-03-10,100009.62728749821
2021-03-11,100002.62202800903
2021-03-12,100001.04182104333
2021-03-13,100000.55959127861
2021-03-14,100001.47514182999
2021-03-15,100003.15012863096
2021-03-16,100004.92740833758
2021-03-17,100003.92997071905
2021-03-18,100003.47192265946
2021-03-19,100002.7174416333
2021-03-20,100000.12006070356
2021-03-21,99998.59063243188
2021-03-22,99993.51500309254
2021-03-23,99992.93587043043
2021-03-24,99990.7928490637
2021-03-25,99989.7424509967
2021-03-26,99989.67551657137
2021-03-27,99990.18353574544
2021-03-28,99994.59073701821
2021-03-29,99994.88019002897
2021-03-30,99992.23349273103
2021-03-31,99992.35817696602
2021-04-01,99990.4638610269
2021-04-02,99993.31911480923
2021-04-03,99993.32028257952
2021-04-04,99999.13431204506
2021-04-05,99998.12496680663
2021-04-06,99994.86396047057
2021-04-07,100002.40611485351
2021-04-08,100003.78016528547
2021-04-09,100007.37693592765
2021-04-10,100001.8063947345
2021-04-11,100002.7802508457
2021-04-12,100002.35479237665
2021-04-13,100006.68464728016
2021-04-14,100003.56933380633
2021-04-15,99996.24414468664
2021-04-16,99995.80194473751
2021-04-17,99995.73035482183
2021-04-18,99994.57334219487
2021-04-19,99994.47101933049
2021-04-20,99994.96633942043
2021-04-21,99994.16463019431
2021-04-22,99994.61699076474
2021-04-23,99995.89759597773
2021-04-24,99994.21068205696
2021-04-25,99994.0296375387
2021-04-26,99995.13893659312
2021-04-27,99995.5865893586
2021-04-28,99994.60309978471
2021-04-29,99994.19152379212
2021-04-30,99992.2635482418
2021-05-01,99991.32406289993
2021-05-02,99991.67556697782
2021-05-03,99991.19168001627
2021-05-04,99990.70080141691
2021-05-05,99990.22411053805
2021-05-06,99991.7269133497
2021-05-07,99991.56448801915
2021-05-08,99991.91951609383
2021-05-09,99992.76371017615
2021-05-10,99995.65082159918
2021-05-11,99999.02958707255
2021-05-12,99997.92500373359
2021-05-13,99999.58840464233
2021-05-14,99999.7543725751
2021-05-15,100002.12202790575
2021-05-16,99999.76678792005
2021-05-17,99994.1150795937
2021-05-18,99995.48023009064
2021-05-19,99994.60066416765
2021-05-20,99996.94372679412
2021-05-21,100002.53385396121
2021-05-22,100000.84415921367
2021-05-23,100003.67323542587
2021-05-24,100009.30914525881
2021-05-25,100007.05216212024
2021-05-26,100009.18956585116
2021-05-27,100009.6994326486
2021-05-28,100008.81550937932
2021-05-29,100010.69991839574
2021-05-30,100011.60932702539
2021-05-31,100011.1272173751
2021-06-01,100012.20676263701
2021-06-02,100011.07108863234
2021-06-03,100008.50524675714
2021-06-04,100013.80870012596
2021-06-05,100011.36034301716
2021-06-06,100008.65244206272
2021-06-07,100011.25027034208
2021-06-08,100010.07568741812
2021-06-09,100013.3975403385
2021-06-10,100012.03645964357
2021-06-11,100016.65609019298
2021-06-12,100024.66513632375
2021-06-13,100026.50316246445
2021-06-14,100026.2292265401
2021-06-15,100027.99260821067
2021-06-16,100033.16946552799
2021-06-17,100036.5238616536
2021-06-18,100034.9180762874
2021-06-19,100036.33469985507
2021-06-20,100035.73718136357
2021-06-21,100038.44742650163
2021-06-22,100035.11109434851
2021-06-23,100036.76023376017
2021-06-24,100034.10170081486
2021-06-25,100030.43175352775
2021-06-26,100029.14803834072
2021-06-27,100029.56017405968
2021-06-28,100031.06190926277
2021-06-29,100028.76583627396
2021-06-30,100031.93370567076
2021-07-01,100034.83376766958
2021-07-02,100036.22583441492
2021-07-03,100033.42389276923
2021-07-04,100033.34968532692
2021-07-05,100033.47875510619
2021-07-06,100034.38692253656
2021-07-07,100035.97106959055
2021-07-08,100035.20696326118
2021-07-09,100032.78325791577
2021-07-10,100031.46277562596
2021-07-11,100030.52472277013
2021-07-12,100029.3961296649
2021-07-13,100028.42357348517
2021-07-14,100028.326977371
2021-07-15,100027.58570106726
2021-07-16,100026.56351589231
2021-07-17,100027.15693375278
2021-07-18,100026.69319460038
2021-07-19,100026.81587717812
2021-07-20,100026.9445630006
2021-07-21,100027.0180270324
2021-07-22,100027.04689392292
2021-07-23,100027.13735869795
2021-07-24,100026.81829126191
2021-07-25,100027.23079916442
2021-07-26,100027.46811050798
2021-07-27,100027.85990211084
2021-07-28,100028.21872587847
2021-07-29,100028.88579355311
2021-07-30,100029.02903043407
2021-07-31,100029.50753679535
2021-08-01,100030.86423961501
2021-08-02,100030.50379137682
2021-08-03,100026.53878187008
2021-08-04,100028.19634471342
2021-08-05,100029.96573851393
2021-08-06,100033.09926608244
2021-08-07,100032.96616769758
2021-08-08,100031.2565815423
2021-08-09,100032.37066043813
2021-08-10,100034.34360617759
2021-08-11,100030.48997349902
2021-08-12,100028.21387995078
2021-08-13,100027.74207980241
2021-08-14,100028.86369357171
2021-08-15,100029.12289553304
2021-08-16,100028.56094831439
2021-08-17,100028.3205931479
2021-08-18,100027.90523799749
2021-08-19,100028.98378273772
2021-08-20,100029.09802041699
2021-08-21,100028.56634162585
2021-08-22,100030.86207077198
2021-08-23,100029.48861065872
2021-08-24,100028.36315408065
2021-08-25,100025.94313021644
2021-08-26,100023.57576700329
2021-08-27,100021.92888655525
2021-08-28,100023.50968798054
2021-08-29,100028.09167448833
2021-08-30,100029.26038993744
2021-08-31,100026.98295145945
2021-09-01,100024.26878442902
2021-09-02,100022.94912039048
2021-09-03,100022.23103436679
2021-09-04,100021.84646439349
2021-09-05,100022.29136099479
2021-09-06,100023.03783135112
2021-09-07,100020.67948081276
2021-09-08,100020.23665730475
2021-09-09,100021.1099950227
2021-09-10,100019.58674337158
2021-09-11,100021.25246693313
2021-09-12,100018.18203800495
2021-09-13,100019.70153093051
2021-09-14,100016.94485609012
2021-09-15,100012.66562252241
2021-09-16,100013.66991830742
2021-09-17,100020.46243402295
2021-09-18,100021.4263305648
2021-09-19,100018.75082381583
2021-09-20,100022.82643447634
2021-09-21,100022.0242239156
2021-09-22,100022.62641050428
2021-09-23,100021.01429532826
2021-09-24,100020.5926962052
2021-09-25,100023.93717649407
2021-09-26,100019.78815079146
2021-09-27,100019.92056116454
2021-09-28,100017.47893581526
2021-09-29,100020.48909731238
2021-09-30,100021.42860068874
2021-10-01,100023.54397860101
2021-10-02,100023.8962749298
2021-10-03,100019.26148433257
2021-10-04,100021.61190583294
2021-10-05,100023.65349006897
2021-10-06,100019.7363268831
2021-10-07,100021.36290864716
2021-10-08,100024.02243678508
2021-10-09,100022.61343435802
2021-10-10,100023.77394358625
2021-10-11,100025.0977002841
2021-10-12,100021.39739267426
2021-10-13,100020.44439669378
2021-10-14,100019.55474112148
2021-10-15,100019.48636359803
2021-10-16,100021.93092529637
2021-10-17,100021.52273374643
2021-10-18,100021.60578062234
2021-10-19,100023.92065705615
2021-10-20,100023.98275905785
2021-10-21,100022.56765248232
2021-10-22,100024.15771907645
2021-10-23,100021.88136097556
2021-10-24,100026.15895520317
2021-10-25,100026.80677021871
2021-10-26,100025.12887291773
2021-10-27,100026.20635219592
2021-10-28,100022.20356298338
2021-10-29,100019.43632919983
2021-10-30,100022.91378846215
2021-10-31,100021.06848187886
2021-11-01,100018.44680833793
2021-11-02,100017.65312318994
2021-11-03,100019.27387097491
2021-11-04,100020.86898057674
2021-11-05,100022.59249368185
2021-11-06,100020.85881297285
2021-11-07,100018.56513442489
2021-11-08,100019.29501779257
2021-11-09,100019.65539796463
2021-11-10,100020.2891728425
2021-11-11,100017.1564802763
2021-11-12,100018.81091691928
2021-11-13,100021.18398051815
2021-11-14,100023.98879824753
2021-11-15,100020.44965073127
2021-11-16,100022.20555954709
2021-11-17,100022.59251228065
2021-11-18,100023.65918589282
2021-11-19,100027.58342817747
2021-11-20,100030.28129565982
2021-11-21,100035.14744906855
2021-11-22,100040.72235110527
2021-11-23,100035.89962121345
2021-11-24,100035.34174990084
2021-11-25,100036.25600530537
2021-11-26,100046.73164720078
2021-11-27,100045.10312214315
2021-11-28,100043.20377574938
2021-11-29,100033.87427974545
2021-11-30,100035.73361847817
2021-12-01,100033.846873157
2021-12-02,100043.18848125396
2021-12-03,100040.58573459627
2021-12-04,100034.24548032321
2021-12-05,100033.18636012853
2021-12-06,100028.0046367687
2021-12-07,100028.93747230353
2021-12-08,100026.9572125516
2021-12-09,100027.65490994925
2021-12-10,100029.49630838587
2021-12-11,100030.45445414817
2021-12-12,100030.33277069528
2021-12-13,100030.15094635717
2021-12-14,100030.00421184173
2021-12-15,100030.28347489478
2021-12-16,100029.4686046353
2021-12-17,100027.4145768315
2021-12-18,100033.14350405404
2021-12-19,100032.76798158958
2021-12-20,100042.50656818219
2021-12-21,100045.56157659719
2021-12-22,100052.10893910426
2021-12-23,100050.06258504576
2021-12-24,100057.7777097691
2021-12-25,100065.90779768807
2021-12-26,100062.61685296222
2021-12-27,100064.31827482335
2021-12-28,100066.00806812826
2021-12-29,100073.60855435758
2021-12-30,100077.80935134983
2021-12-31,100074.59133148851
2022-01-01,100071.34528545623
2022-01-02,100070.96498325707
2022-01-03,100061.2828909706
2022-01-04,100064.42975616858
2022-01-05,100070.55280408861
2022-01-06,100071.78287976106
2022-01-07,100074.96494634172
2022-01-08,100071.84313974902
2022-01-09,100075.39983318406
2022-01-10,100079.27295591104
2022-01-11,100073.66574556929
2022-01-12,100072.16734651396
2022-01-13,100071.70928828022
2022-01-14,100071.06370010924
2022-01-15,100072.97973267492
2022-01-16,100076.82835119648
2022-01-17,100079.01998507157
2022-01-18,100076.33308370442
2022-01-19,100075.42538238085
2022-01-20,100075.51684233606
2022-01-21,100075.5254129779
2022-01-22,100076.11661837377
2022-01-23,100075.36720096797
2022-01-24,100075.29366028939
2022-01-25,100078.17600764839
2022-01-26,100074.89414141505
2022-01-27,100072.72077445102
2022-01-28,100073.16643167903
2022-01-29,100070.59195777902
2022-01-30,100067.94133196423
2022-01-31,100066.808937938
2022-02-01,100067.03725207334
2022-02-02,100066.94150307574
2022-02-03,100067.38562587564
2022-02-04,100068.64551508625
2022-02-05,100072.50608288271
2022-02-06,100074.91487628112
2022-02-07,100078.44085827238
2022-02-08,100082.49318093932
2022-02-09,100086.26570218042
2022-02-10,100085.57599342539
2022-02-11,100081.74664671444
2022-02-12,100083.65858438188
2022-02-13,100084.11579208043
2022-02-14,100079.32765062132
2022-02-15,100082.3396758911
2022-02-16,100081.54001505932
2022-02-17,100080.0109216875
2022-02-18,100087.16875970134
2022-02-19,100081.55847435737
2022-02-20,100078.364992056
2022-02-21,100075.3248726231
2022-02-22,100069.80242369871
2022-02-23,100068.2460628979
2022-02-24,100064.90595124151
2022-02-25,100067.93546340955
2022-02-26,100069.22331852671
2022-02-27,100067.84967549564
2022-02-28,100068.19868684273
2022-03-01,100068.1716094804
2022-03-02,100069.15091412241
2022-03-03,100069.33226556693
2022-03-04,100067.13245683601
2022-03-05,100068.30344042595
2022-03-06,100064.36785146107
2022-03-07,100069.07150655049
2022-03-08,100070.47342862227
2022-03-09,100069.584313572
2022-03-10,100065.96415824888
2022-03-11,100066.17333129735
2022-03-12,100062.88037765422
2022-03-13,100063.48565255369
2022-03-14,100063.40583249202
2022-03-15,100060.6539369557
2022-03-16,100058.04598166904
2022-03-17,100058.36156313695
2022-03-18,100056.9900273838
2022-03-19,100055.82604328256
2022-03-20,100056.39439596618
2022-03-21,100056.58045972009
2022-03-22,100053.1417676521
2022-03-23,100050.29799915875
2022-03-24,100050.07489657293
2022-03-25,100050.89923775477
2022-03-26,100050.73083638486
2022-03-27,100052.33922111474
2022-03-28,100051.78433811989
2022-03-29,100050.1089275608
2022-03-30,100046.72958083465
2022-03-31,100047.65491156136
2022-04-01,100047.78000278433
2022-04-02,100049.32590811657
2022-04-03,100051.11234758457
2022-04-04,100050.8772874207
2022-04-05,100051.8559000992
2022-04-06,100048.82753031862
2022-04-07,100050.41646867803
2022-04-08,100048.48164961225
2022-04-09,100048.25297122332
2022-04-10,100045.84298204022
2022-04-11,100044.58333431625
2022-04-12,100041.31857107494
2022-04-13,100040.80712776622
2022-04-14,100040.22784363714
2022-04-15,100040.44757498607
2022-04-16,100040.64422541014
2022-04-17,100040.63267203211
2022-04-18,100039.59652520553
2022-04-19,100039.79340212974
2022-04-20,100037.54077708784
2022-04-21,100038.57420808225
2022-04-22,100038.09129741997
2022-04-23,100039.95446308689
2022-04-24,100039.18189700393
2022-04-25,100039.19690465606
2022-04-26,100041.77245779647
2022-04-27,100039.9259961725
2022-04-28,100040.38004982923
2022-04-29,100041.37835297541
2022-04-30,100040.77148092084
2022-05-01,100038.08439887711
2022-05-02,100039.76545547102
2022-05-03,100041.24352021159
2022-05-04,100045.79664194697
2022-05-05,100046.8558258702
2022-05-06,100047.95442338743
2022-05-07,100043.4997021242
2022-05-08,100038.07631222677
2022-05-09,100038.78295184298
2022-05-10,100039.36407916479
2022-05-11,100040.83821847224
2022-05-12,100040.1125892964
2022-05-13,100038.38123310884
2022-05-14,100043.78500086963
2022-05-15,100046.22733261154
2022-05-16,100043.57394855788
2022-05-17,100039.19276566872
2022-05-18,100038.90326091285
2022-05-19,100040.1325052425
2022-05-20,100039.79199576979
2022-05-21,100037.45664535924
2022-05-22,100038.0339851398
2022-05-23,100039.07026021833
2022-05-24,100039.62539168267
2022-05-25,100041.09244936635
2022-05-26,100042.88880090418
2022-05-27,100039.91725347162
2022-05-28,100037.4271463997
2022-05-29,100038.16896642864
2022-05-30,100038.61385180106
2022-05-31,100040.29315028287
2022-06-01,100038.8023608748
2022-06-02,100039.60321337509
2022-06-03,100039.7912198067
2022-06-04,100037.39904379763
2022-06-05,100039.40052433421
2022-06-06,100038.27918748502
2022-06-07,100036.55789088117
2022-06-08,100036.94353692359
2022-06-09,100036.35836858695
2022-06-10,100030.93940974715
2022-06-11,100031.89176877214
2022-06-12,100031.31679632196
2022-06-13,100032.51650651457
2022-06-14,100034.7347897118
2022-06-15,100034.36617808708
2022-06-16,100038.20689555546
2022-06-17,100038.30026248358
2022-06-18,100038.19021823473
2022-06-19,100039.54331485175
2022-06-20,100037.41385116834
2022-06-21,100035.78880967326
2022-06-22,100038.72657978974
2022-06-23,100037.81409889234
2022-06-24,100037.30482399103
2022-06-25,100032.29538214333
2022-06-26,100032.39119602986
2022-06-27,100034.88296924123
2022-06-28,100031.57776772448
2022-06-29,100032.18591050329
2022-06-30,100036.96280458609
2022-07-01,100035.27963001045
2022-07-02,100035.7272892924
2022-07-03,100036.13974904588
2022-07-04,100040.4023946172
2022-07-05,100043.5162419535
2022-07-06,100044.21047029617
2022-07-07,100048.37822821976
2022-07-08,100051.12539479288
2022-07-09,100062.18267161617
2022-07-10,100067.78588337383
2022-07-11,100074.56890956854
2022-07-12,100074.97252966091
2022-07-13,100079.29550043275
2022-07-14,100073.05569927937
2022-07-15,100086.03474526362
2022-07-16,100089.67374915483
2022-07-17,100081.95136942297
2022-07-18,100075.38121771123
2022-07-19,100081.27474929937
2022-07-20,100079.00520465513
2022-07-21,100079.6407420896
2022-07-22,100087.83726038052
2022-07-23,100086.69524302526
2022-07-24,100086.6280015824
2022-07-25,100078.28211051642
2022-07-26,100081.81040924383
2022-07-27,100081.63945266226
2022-07-28,100075.6282760885
2022-07-29,100074.07220912095
2022-07-30,100073.1507423852
2022-07-31,100072.94807115589
2022-08-01,100074.50195131496
2022-08-02,100072.4086752627
2022-08-03,100072.50856723369
2022-08-04,100072.48070124983
2022-08-05,100074.177423802
2022-08-06,100075.49093930867
2022-08-07,100074.3629659234
2022-08-08,100075.07387082913
2022-08-09,100072.97724392921
2022-08-10,100072.64416707908
2022-08-11,100074.25821632064
2022-08-12,100072.2470210217
2022-08-13,100072.9956355767
2022-08-14,100072.84550341895
2022-08-15,100072.97812689996
2022-08-16,100074.00885167989
2022-08-17,100073.6231546473
2022-08-18,100073.38221863771
2022-08-19,100072.8696226616
2022-08-20,100073.93268931833
2022-08-21,100071.7457221193
2022-08-22,100072.04258752547
2022-08-23,100075.34435360672
2022-08-24,100072.71365182441
2022-08-25,100071.95335752747
2022-08-26,100073.50351110101
2022-08-27,100072.2441745085
2022-08-28,100074.85139921187
2022-08-29,100074.87116569236
2022-08-30,100072.89998326305
2022-08-31,100075.30060262504
2022-09-01,100075.43196702102
2022-09-02,100077.08209230355
2022-09-03,100077.88837764862
2022-09-04,100081.13775826579
2022-09-05,100081.72256599751
2022-09-06,100079.87760936376
2022-09-07,100076.55973312912
2022-09-08,100074.18633068903
2022-09-09,100069.5369127208
2022-09-10,100070.88323341409
2022-09-11,100069.77139447108
2022-09-12,100070.00057867437
2022-09-13,100071.33793431064
2022-09-14,100074.04612151424
2022-09-15,100075.62081985713
2022-09-16,100075.5035918864
2022-09-17,100079.04891224093
2022-09-18,100078.70124883828
2022-09-19,100079.07959993076
2022-09-20,100074.25505208009
2022-09-21,100074.3254415122
2022-09-22,100072.96143446735
2022-09-23,100070.69233935626
2022-09-24,100073.38813024371
2022-09-25,100073.31591692512
2022-09-26,100075.7439989484
2022-09-27,100074.9547480875
2022-09-28,100070.77883709288
2022-09-29,100070.39500719214
2022-09-30,100070.06202949543
2022-10-01,100071.93488871504
2022-10-02,100070.12944909197
2022-10-03,100068.47127383342
2022-10-04,100066.54662629392
2022-10-05,100066.54972677976
2022-10-06,100067.36113903266
2022-10-07,100067.29305005525
2022-10-08,100066.7496680304
2022-10-09,100066.57887223575
2022-10-10,100068.26124257335
2022-10-11,100066.42817572643
2022-10-12,100067.92893205128
2022-10-13,100068.39456844417
2022-10-14,100071.07166649711
2022-10-15,100075.82431648142
2022-10-16,100079.14209336997
2022-10-17,100071.79665085023
2022-10-18,100072.26372778899
2022-10-19,100073.35058426371
2022-10-20,100072.73985871706
2022-10-21,100080.00109473262
2022-10-22,100076.74780807192
2022-10-23,100074.8257063321
2022-10-24,100076.9846343749
2022-10-25,100074.27965888345
2022-10-26,100082.71321738612
2022-10-27,100081.94370000048
2022-10-28,100083.11538209545
2022-10-29,100084.35815601233
2022-10-30,100079.73362787114
2022-10-31,100079.54298153897
2022-11-01,100074.64364715926
2022-11-02,100080.18427969333
2022-11-03,100080.93952575658
2022-11-04,100078.84047661952
2022-11-05,100080.38520015746
2022-11-06,100080.13593313884
2022-11-07,100082.41327743341
2022-11-08,100080.23569110864
2022-11-09,100081.11802584073
2022-11-10,100078.30272017239
2022-11-11,100073.65466386065
2022-11-12,100072.27260213126
2022-11-13,100072.98412672292
2022-11-14,100071.42069224358
2022-11-15,100068.46210397306
2022-11-16,100067.6838778577
2022-11-17,100066.07976335422
2022-11-18,100068.20231871612
2022-11-19,100066.0215851064
2022-11-20,100065.83771978514
2022-11-21,100067.11803318435
2022-11-22,100068.16046293035
2022-11-23,100068.9631270725
2022-11-24,100068.13756961118
2022-11-25,100064.748666612
2022-11-26,100066.79826475172
2022-11-27,100065.94514155324
2022-11-28,100066.57617922936
2022-11-29,100066.91139069105
2022-11-30,100066.04172098292
2022-12-01,100068.97385814722
2022-12-02,100073.96366304532
2022-12-03,100074.81320680889
2022-12-04,100069.71585622808
2022-12-05,100068.87268931595
2022-12-06,100065.4209029436
2022-12-07,100064.4630646094
2022-12-08,100063.7294866109
2022-12-09,100064.86305122681
2022-12-10,100066.43480984285
2022-12-11,100068.96591252691
2022-12-12,100067.32815103461
2022-12-13,100067.1229176449
2022-12-14,100065.16997135061
2022-12-15,100063.86179165714
2022-12-16,100064.50598796338
2022-12-17,100064.81435906
2022-12-18,100062.26052865855
2022-12-19,100061.30184969859
2022-12-20,100061.63421710928
2022-12-21,100062.32588497279
2022-12-22,100064.54817058762
2022-12-23,100065.41597836389
2022-12-24,100066.35806013604
2022-12-25,100065.85355196819
2022-12-26,100065.30776585634
2022-12-27,100065.19536130416
2022-12-28,100065.20590373558
2022-12-29,100067.36936075552
2022-12-30,100066.77505095727
2022-12-31,100065.6539602431
2023-01-01,100067.60689559297
2023-01-02,100065.36848384516
2023-01-03,100065.70751661401
2023-01-04,100066.1125209837
2023-01-05,100068.2523521121
2023-01-06,100067.71084898888
2023-01-07,100065.68716968803
2023-01-08,100064.60068487086
2023-01-09,100063.56829701767
2023-01-10,100062.92270803293
2023-01-11,100064.23485255125
2023-01-12,100063.92579791613
2023-01-13,100063.7686141111
2023-01-14,100064.44691437918
2023-01-15,100065.81234046836
2023-01-16,100064.30074554274
2023-01-17,100063.1455831375
2023-01-18,100062.54663065319
2023-01-19,100061.99656944457
2023-01-20,100062.38864622229
2023-01-21,100061.35231015501
2023-01-22,100061.64145499327
2023-01-23,100061.03151849289
2023-01-24,100060.82200802579
2023-01-25,100060.82346819065
2023-01-26,100060.08253733254
2023-01-27,100061.54541134881
2023-01-28,100059.71012090269
2023-01-29,100058.99402322048
2023-01-30,100058.0792189995
2023-01-31,100056.9587345394
2023-02-01,100056.68678709102
2023-02-02,100056.06150809575
2023-02-03,100055.8136306905
2023-02-04,100055.77559125546
2023-02-05,100056.46117554497
2023-02-06,100058.2408249065
2023-02-07,100052.22856449761
2023-02-08,100055.84448339387
2023-02-09,100049.87232572163
2023-02-10,100049.26328669081
2023-02-11,100052.92533575538
2023-02-12,100052.63339750697
2023-02-13,100050.99198160104
2023-02-14,100051.76896743916
2023-02-15,100051.2696945025
2023-02-16,100052.25096451928
2023-02-17,100057.81662269453
2023-02-18,100068.43656708697
2023-02-19,100068.90057421854
2023-02-20,100070.76326324244
2023-02-21,100072.81476739606
2023-02-22,100069.15616621186
2023-02-23,100064.9475961457
2023-02-24,100065.48922287647
2023-02-25,100066.56213380706
2023-02-26,100064.30265259444
2023-02-27,100067.52854100605
2023-02-28,100067.0601692308
2023-03-01,100065.74680411228
2023-03-02,100064.84220092432
2023-03-03,100069.14323800002
2023-03-04,100071.74996701561
2023-03-05,100074.53651968224
2023-03-06,100073.93920485204
2023-03-07,100072.22923565305
2023-03-08,100067.66722621
2023-03-09,100068.45091179735
2023-03-10,100069.15054720052
2023-03-11,100067.43550326335
2023-03-12,100067.61384307193
2023-03-13,100066.63165414662
2023-03-14,100066.8202847603
2023-03-15,100064.54908877512
2023-03-16,100063.61888322691
2023-03-17,100062.67781477861
2023-03-18,100062.31479123018
2023-03-19,100061.39646562132
2023-03-20,100061.91447554657
2023-03-21,100063.47576114217
2023-03-22,100063.39339959071
2023-03-23,100061.88376747664
2023-03-24,100060.54820934171
2023-03-25,100061.5401878043
2023-03-26,100062.35462696421
2023-03-27,100064.1229730573
2023-03-28,100065.9480970847
2023-03-29,100067.4359891841
2023-03-30,100066.1034934944
2023-03-31,100068.32661095094
2023-04-01,100069.37803344471
2023-04-02,100071.54675577636
2023-04-03,100073.05340095586
2023-04-04,100071.6854639176
2023-04-05,100074.5572394527
2023-04-06,100069.08169693162
2023-04-07,100073.96418707426
2023-04-08,100068.05207927182
2023-04-09,100065.77843644975
2023-04-10,100064.11304923326
2023-04-11,100069.11859153426
2023-04-12,100069.80471982202
2023-04-13,100065.06241045528
2023-04-14,100063.15357254441
2023-04-15,100061.7913852856
2023-04-16,100062.8079561641
2023-04-17,100063.24608012172
2023-04-18,100063.87477615659
2023-04-19,100056.6989283896
2023-04-20,100058.42972928344
2023-04-21,100058.17638386936
2023-04-22,100057.15020486769
2023-04-23,100055.8062959404
2023-04-24,100056.28535535255
2023-04-25,100055.48870502324
2023-04-26,100055.50620281983
2023-04-27,100057.7384809631
2023-04-28,100058.81825574361
2023-04-29,100062.60331250251
2023-04-30,100065.48482883433
2023-05-01,100064.30987659558
2023-05-02,100064.75475646123
2023-05-03,100066.31651945044
2023-05-04,100064.64081852215
2023-05-05,100060.13766913947
2023-05-06,100059.95652576185
2023-05-07,100058.44173771878
2023-05-08,100059.51227721304
2023-05-09,100056.51532719117
2023-05-10,100058.93441785208
2023-05-11,100059.74108436248
2023-05-12,100060.42608135547
2023-05-13,100063.33851130567
2023-05-14,100064.6918566174
2023-05-15,100063.48257820222
2023-05-16,100062.81281719239
2023-05-17,100066.37170922685
2023-05-18,100068.78440767694
2023-05-19,100067.03683059836
2023-05-20,100066.52495088869
2023-05-21,100064.9202357608
2023-05-22,100065.80385395694
2023-05-23,100067.12746513811
2023-05-24,100065.86191917882
2023-05-25,100067.72407795483
2023-05-26,100062.59857601847
2023-05-27,100062.97936956414
2023-05-28,100063.31541274651
2023-05-29,100063.9031854235
2023-05-30,100064.03726784352
2023-05-31,100065.01612483725
2023-06-01,100067.30137213571
2023-06-02,100064.24006468707
2023-06-03,100065.2736753049
2023-06-04,100063.46534412426
2023-06-05,100062.49006680021
2023-06-06,100063.632237181
2023-06-07,100061.76135663984
2023-06-08,100063.97531900552
2023-06-09,100059.55291187971
2023-06-10,100058.48972948613
2023-06-11,100059.22813668652
2023-06-12,100059.06239977774
2023-06-13,100059.14940127422
2023-06-14,100059.52651747248
2023-06-15,100059.69126070567
2023-06-16,100060.13281831499
2023-06-17,100062.14986690736
2023-06-18,100063.94429662905
2023-06-19,100067.77760451505
2023-06-20,100066.76595844765
2023-06-21,100064.35219252126
2023-06-22,100063.87959817122
2023-06-23,100062.50526759237
2023-06-24,100061.54268943831
2023-06-25,100061.11296464175
2023-06-26,100060.19841060184
2023-06-27,100059.32508212046
2023-06-28,100055.27707775316
2023-06-29,100054.63424854823
2023-06-30,100054.52976214833
2023-07-01,100054.93761477793
2023-07-02,100053.93849619158
2023-07-03,100054.21088838438
2023-07-04,100052.1421002755
2023-07-05,100053.33314773113
2023-07-06,100054.28809566067
2023-07-07,100055.19709855881
2023-07-08,100052.756263868
2023-07-09,100053.40760954046
2023-07-10,100053.9305880485
2023-07-11,100061.05730109694
2023-07-12,100058.42400936924
2023-07-13,100063.34011595651
2023-07-14,100061.38560995874
2023-07-15,100060.06746769551
2023-07-16,100055.75172841348
2023-07-17,100059.31725077001
2023-07-18,100067.58225718714
2023-07-19,100066.77991768421
2023-07-20,100060.65960031365
2023-07-21,100057.48530325375
2023-07-22,100057.45226879939
2023-07-23,100058.6652018103
2023-07-24,100057.8393834199
2023-07-25,100059.4613218493
2023-07-26,100057.0986119417
2023-07-27,100056.13584775542
2023-07-28,100055.24692738845
2023-07-29,100055.88433369312
2023-07-30,100054.32649648063
2023-07-31,100053.82240961945
2023-08-01,100053.78689835608
2023-08-02,100050.49742183514
2023-08-03,100050.51980581015
2023-08-04,100050.86815765814
2023-08-05,100051.31545318523
2023-08-06,100051.11366452689
2023-08-07,100052.25267184307
2023-08-08,100055.12251733408
2023-08-09,100058.9777295471
2023-08-10,100055.50817121338
2023-08-11,100054.55912227972
2023-08-12,100053.91368933937
2023-08-13,100055.12768765571
2023-08-14,100055.2982983884
2023-08-15,100053.73481476719
2023-08-16,100053.67306494914
2023-08-17,100049.51347568445
2023-08-18,100051.41799529215
2023-08-19,100051.30240968813
2023-08-20,100048.98174414162
2023-08-21,100047.65574983088
2023-08-22,100049.63860224091
2023-08-23,100041.21437060172
2023-08-24,100041.32297087413
2023-08-25,100040.95708874466
2023-08-26,100040.82772863771
2023-08-27,100040.07699080343
2023-08-28,100039.66149516616
2023-08-29,100039.46700430744
2023-08-30,100039.27629651148
2023-08-31,100034.82590489966
2023-09-01,100034.16522720408
2023-09-02,100033.82304544805
2023-09-03,100033.04549577602
2023-09-04,100032.95838128775
2023-09-05,100034.07917721209
2023-09-06,100034.1398140378
2023-09-07,100033.55874346699
2023-09-08,100033.9698909364
2023-09-09,100035.94170440851
2023-09-10,100036.12184228096
2023-09-11,100034.44127790997
2023-09-12,100035.92005863458
2023-09-13,100041.28704425169
2023-09-14,100045.06225456612
2023-09-15,100040.86666969233
2023-09-16,100040.63123988493
2023-09-17,100041.66149409853
2023-09-18,100037.8893323206
2023-09-19,100036.58979434615
2023-09-20,100033.16283010885
2023-09-21,100034.52030972084
2023-09-22,100034.51038836005
2023-09-23,100038.5150240188
2023-09-24,100038.68553025159
2023-09-25,100040.50176763952
2023-09-26,100037.001892614
2023-09-27,100036.93329186748
2023-09-28,100035.18478963901
2023-09-29,100034.19737873886
2023-09-30,100030.38826397517
2023-10-01,100028.85231967812
2023-10-02,100027.81209833728
2023-10-03,100029.08138327429
2023-10-04,100030.37574146505
2023-10-05,100028.34008504967
2023-10-06,100029.38146885346
2023-10-07,100026.67548343421
2023-10-08,100026.1829469245
2023-10-09,100027.26482200138
2023-10-10,100026.98380515333
2023-10-11,100026.95251797838
2023-10-12,100025.91294368792
2023-10-13,100024.74385143191
2023-10-14,100024.76480605305
2023-10-15,100026.00998623007
2023-10-16,100022.39988439652
2023-10-17,100023.00256045633
2023-10-18,100021.83752959741
2023-10-19,100023.58465946058
2023-10-20,100026.31472575293
2023-10-21,100026.67786153806
2023-10-22,100021.89185793171
2023-10-23,100021.46543861722
2023-10-24,100021.76157879482
2023-10-25,100021.56210644236
2023-10-26,100020.60850101276
2023-10-27,100021.188934838
2023-10-28,100020.56982893309
2023-10-29,100018.4826302315
2023-10-30,100019.08258561778
2023-10-31,100018.33157796746
2023-11-01,100018.25545007511
2023-11-02,100018.6820556891
2023-11-03,100019.69869724919
2023-11-04,100020.17445246305
2023-11-05,100019.57948426116
2023-11-06,100017.27247653315
2023-11-07,100017.04611577863
2023-11-08,100018.4950869675
2023-11-09,100016.52226947439
2023-11-10,100013.92917757269
2023-11-11,100014.81195972853
2023-11-12,100015.04817713246
2023-11-13,100015.40502909046
2023-11-14,100016.45132757255
2023-11-15,100018.09789215811
2023-11-16,100018.28058702908
2023-11-17,100015.18771862892
2023-11-18,100013.8518080677
2023-11-19,100013.85648620407
2023-11-20,100012.40533209067
2023-11-21,100012.7504104617
2023-11-22,100010.46414617272
2023-11-23,100010.42495343357
2023-11-24,100009.72094403859
2023-11-25,100011.46425585766
2023-11-26,100013.08966567126
2023-11-27,100014.23578631162
2023-11-28,100014.85621244601
2023-11-29,100012.4050135282
2023-11-30,100013.75697173484
2023-12-01,100017.70590648163
2023-12-02,100019.66621853138
2023-12-03,100019.60311091515
2023-12-04,100021.14928942622
2023-12-05,100022.20152150562
2023-12-06,100022.15602977741
2023-12-07,100020.93817282344
2023-12-08,100021.9938516925
2023-12-09,100009.74990393913
2023-12-10,100010.00479118228
2023-12-11,100008.45584876528
2023-12-12,100010.6019085176
2023-12-13,100010.49993293536
2023-12-14,100008.2219415145
2023-12-15,100008.282078789
2023-12-16,100005.53338567783
2023-12-17,100004.54280254664
2023-12-18,100004.9074443586
2023-12-19,100007.0141111504
2023-12-20,100005.85722138728
2023-12-21,100005.72607125717
2023-12-22,100005.24420694278
2023-12-23,100004.36068768523
2023-12-24,100005.32381661574
2023-12-25,100001.80661014031
2023-12-26,100001.60227832683
2023-12-27,100001.23202244364
2023-12-28,99999.37453202876
2023-12-29,99999.52404623119
2023-12-30,99999.73142054732
2023-12-31,99997.31892935093
2024-01-01,99996.79689692658
2024-01-02,99995.92261387953
2024-01-03,99995.15668691813
2024-01-04,99995.07051559047
2024-01-05,99994.93702248424
2024-01-06,99994.8208135698
2024-01-07,99994.37653848175
2024-01-08,99994.39637915666
2024-01-09,99993.96087194482
2024-01-10,99991.12905634387
2024-01-11,99991.07851722439
2024-01-12,99990.87680867102
2024-01-13,99989.31422571337
2024-01-14,99989.32901426572
2024-01-15,99988.86258559079
2024-01-16,99988.97452561709
2024-01-17,99988.52362715865
2024-01-18,99988.2060957219
2024-01-19,99989.54191979178
2024-01-20,99988.66112407696
2024-01-21,99987.22807963181
2024-01-22,99987.56221412374
2024-01-23,99987.076351981
2024-01-24,99986.97677829785
2024-01-25,99986.57102353983
2024-01-26,99986.32183157065
2024-01-27,99986.93917332601
2024-01-28,99987.23419367435
2024-01-29,99986.94637428698
2024-01-30,99985.3465958873
2024-01-31,99984.24944875744
2024-02-01,99986.58740658354
2024-02-02,99985.9968408849
2024-02-03,99985.27988193952
2024-02-04,99987.88087205285
2024-02-05,99991.86486002913
2024-02-06,99982.47735194217
2024-02-07,99981.69249322393
2024-02-08,99980.16198871916
2024-02-09,99980.91114628212
2024-02-10,99983.50038963616
2024-02-11,99981.53746963266
2024-02-12,99982.10522023152
2024-02-13,99983.20873446477
2024-02-14,99983.25720263334
2024-02-15,99982.43094783428
2024-02-16,99982.80498112408
2024-02-17,99986.50930133872
2024-02-18,99985.13523474666
2024-02-19,99990.12569224316
2024-02-20,99996.52330678127
2024-02-21,99992.49717335936
2024-02-22,99989.21387060374
2024-02-23,99988.96537449307
2024-02-24,99992.66727788058
2024-02-25,99994.14747834564
2024-02-26,99994.92835242272
2024-02-27,99999.61973771625
2024-02-28,100002.23439015957
2024-02-29,99998.88797316772
2024-03-01,99990.91529557729
2024-03-02,99991.5029558838
2024-03-03,99989.09742187912
2024-03-04,99994.15060604614
2024-03-05,99991.6063501601
2024-03-06,99994.27685389189
2024-03-07,99993.07451578836
2024-03-08,99993.30741973396
2024-03-09,99988.8103757138
2024-03-10,99990.56041952106
2024-03-11,99988.80162969878
2024-03-12,99988.90547121983
2024-03-13,99988.9819899104
2024-03-14,99988.29666542629
2024-03-15,99989.04030403048
2024-03-16,99989.80793625166
2024-03-17,99989.46050223403
2024-03-18,99989.60698516818
2024-03-19,99989.54774358451
2024-03-20,99989.14116500024
2024-03-21,99989.81665996743
2024-03-22,99989.79514522829
2024-03-23,99989.40949327787
2024-03-24,99990.22054328737
2024-03-25,99991.29933726107
2024-03-26,99990.55829928457
2024-03-27,99991.45172122432
2024-03-28,99989.94087705012
2024-03-29,99989.21970816512
2024-03-30,99990.02643227433
2024-03-31,99989.2399071762
2024-04-01,99987.31799195781
2024-04-02,99989.03229989573
2024-04-03,99989.95632831233
2024-04-04,99988.82487238712
2024-04-05,99987.13705821433
2024-04-06,99987.46198325003
2024-04-07,99988.57503598357
2024-04-08,99983.44987928856
2024-04-09,99981.34880014807
2024-04-10,99981.03039775688
2024-04-11,99980.61073165135
2024-04-12,99982.32483887012
2024-04-13,99976.69483966997
2024-04-14,99975.71298777813
2024-04-15,99975.93359553536
2024-04-16,99977.13073440628
2024-04-17,99978.39442893262
2024-04-18,99976.85152851988
2024-04-19,99980.35239372018
2024-04-20,99979.3783957199
2024-04-21,99978.46596685867
2024-04-22,99977.85908797117
2024-04-23,99978.9902793016
2024-04-24,99985.92195592802
2024-04-25,99985.90730309293
2024-04-26,99985.1619881794
2024-04-27,99985.90070733607
2024-04-28,99989.43518290312
2024-04-29,99988.01168731567
2024-04-30,99995.38753133913
2024-05-01,99996.15157472169
2024-05-02,99999.25438946836
2024-05-03,100003.57630894212
2024-05-04,100001.19536352727
2024-05-05,100005.86022792195
2024-05-06,100002.02538610926
2024-05-07,99998.44039445907
2024-05-08,99994.19479771823
2024-05-09,99994.91227686442
2024-05-10,99999.19506850123
2024-05-11,99998.93799274495
2024-05-12,100004.60629669818
2024-05-13,100002.65003286554
2024-05-14,100006.84021956661
2024-05-15,100001.54426694568
2024-05-16,100000.2565240365
2024-05-17,100001.64895545988
2024-05-18,100003.49260916235
2024-05-19,100004.58930347335
2024-05-20,100004.79651074283
2024-05-21,100002.2733755318
2024-05-22,100000.41731123564
2024-05-23,99998.92009092522
2024-05-24,99999.58003760058
2024-05-25,100000.2171483601
2024-05-26,100000.54093189287
2024-05-27,100000.55417853611
2024-05-28,100001.3014598373
2024-05-29,100002.85816131851
2024-05-30,100003.19658538899
2024-05-31,100003.52459566291
2024-06-01,100002.73066863399
2024-06-02,100000.81197930305
2024-06-03,100001.78083139013
2024-06-04,100002.6986524761
2024-06-05,100001.54079089529
2024-06-06,99999.03288764373
2024-06-07,100000.18383534401
2024-06-08,100002.37725540699
2024-06-09,100001.58076936472
2024-06-10,100003.99179632499
2024-06-11,100005.39471477047
2024-06-12,99999.92088107535
2024-06-13,99997.22063833087
2024-06-14,99996.58625274188
2024-06-15,99998.88632970153
2024-06-16,99997.66567335665
2024-06-17,99995.30679582384
2024-06-18,99996.3278158385
2024-06-19,99995.8651740175
2024-06-20,99998.43405758667
2024-06-21,99996.94536693742
2024-06-22,99998.36631875909
2024-06-23,99996.52124937288
2024-06-24,99999.88199392433
2024-06-25,100003.27542148373
2024-06-26,100003.47511086121
2024-06-27,99999.96840264309
2024-06-28,100000.7969210002
2024-06-29,99997.86823744806
2024-06-30,99997.19205434658
2024-07-01,99998.54770211704
2024-07-02,99989.03776689833
2024-07-03,99990.81447980869
2024-07-04,99994.3064354482
2024-07-05,99995.15823906504
2024-07-06,99997.28316127782
2024-07-07,99996.82887522038
2024-07-08,100001.85076319864
2024-07-09,100006.72762202047
2024-07-10,100000.72561118427
2024-07-11,100002.43318917532
2024-07-12,100001.95353654367
2024-07-13,100002.65872994895
2024-07-14,100001.71226402055
2024-07-15,100005.05989063391
2024-07-16,100004.72302096782
2024-07-17,100002.72634724584
2024-07-18,99999.68201250499
2024-07-19,100000.0003271219
2024-07-20,100002.20236974687
2024-07-21,100003.62453539233
2024-07-22,100006.20074123872
2024-07-23,100011.07694667231
2024-07-24,100017.7821953039
2024-07-25,100023.19149693924
2024-07-26,100018.02150524368
2024-07-27,100017.34072682336
2024-07-28,100021.68257437133
2024-07-29,100020.79811340952
2024-07-30,100023.89091272754
2024-07-31,100024.30746214122
2024-08-01,100015.74263689209
2024-08-02,100011.49298708288
2024-08-03,100015.04824303412
2024-08-04,100011.98808662327
2024-08-05,100009.23548465097
2024-08-06,100008.65417240215
2024-08-07,100007.79955612525
2024-08-08,100003.8906015959
2024-08-09,100007.06727978495
2024-08-10,100010.55160688914
2024-08-11,100009.437207046
2024-08-12,100006.7920832662
2024-08-13,100004.42445719038
2024-08-14,100005.05433707545
2024-08-15,100007.91659986514
2024-08-16,100001.65256980398
2024-08-17,100002.75770372186
2024-08-18,100004.27544729566
2024-08-19,100008.88733088148
2024-08-20,100012.16785611675
2024-08-21,100005.41452231717
2024-08-22,100005.48372496486
2024-08-23,100006.495906047
2024-08-24,100005.45744419405
2024-08-25,100004.62359600875
2024-08-26,100004.33131337799
2024-08-27,100004.92113199535
2024-08-28,100003.06155298678
2024-08-29,100001.87175406628
2024-08-30,100000.64615340884
2024-08-31,100000.22192287588
2024-09-01,99999.8586017865
2024-09-02,99999.00043038532
2024-09-03,99999.43958093948
2024-09-04,99999.17466805587
2024-09-05,99999.36715178545
2024-09-06,100004.759707567
2024-09-07,100007.90073883573
2024-09-08,100004.42759816762
2024-09-09,100003.3837048463
2024-09-10,100001.86381543076
2024-09-11,99995.95858154094
2024-09-12,99995.61459851668
2024-09-13,99996.81197130827
2024-09-14,99993.75652973242
2024-09-15,99994.99336282235
2024-09-16,99996.1840275759
2024-09-17,99996.08925252069
2024-09-18,99996.06392857108
2024-09-19,99997.52856273283
2024-09-20,99996.61581291942
2024-09-21,99995.3571018042
2024-09-22,99995.23203901002
2024-09-23,99995.18944019945
2024-09-24,99994.57704647482
2024-09-25,99992.17488417978
2024-09-26,99992.55002225422
2024-09-27,99993.15630548289
2024-09-28,99993.12381604569
2024-09-29,99993.31390088948
2024-09-30,99993.30680878699
2024-10-01,99993.22168235613
2024-10-02,99993.14281010351
2024-10-03,99993.99899796856
2024-10-04,99992.27393302972
2024-10-05,99992.041790423
2024-10-06,99992.59812735
2024-10-07,99995.77267061087
2024-10-08,99993.88402315357
2024-10-09,99989.43482567131
2024-10-10,99990.64465929297
2024-10-11,99992.43540377774
2024-10-12,99991.69124262412
2024-10-13,99994.3869163123
2024-10-14,99992.29352686778
2024-10-15,99996.71479846301
2024-10-16,99993.87378318094
2024-10-17,100001.34403113087
2024-10-18,100006.98382638491
2024-10-19,100006.37690775901
2024-10-20,99999.94434524415
2024-10-21,100001.869615124
2024-10-22,99999.08596251285
2024-10-23,100000.86691749212
2024-10-24,100004.4663439354
2024-10-25,99994.19865232523
2024-10-26,99994.18906623329
2024-10-27,99996.57108114439
2024-10-28,99995.67153595999
2024-10-29,99997.01900791955
2024-10-30,99997.84944751214
2024-10-31,99999.84997969026
2024-11-01,99998.64022577628
2024-11-02,99994.7725424755
2024-11-03,99992.37506891062
2024-11-04,99993.87181442417
2024-11-05,99994.2772008527
2024-11-06,99994.78825192331
2024-11-07,99994.56680390917
2024-11-08,99994.8377761964
2024-11-09,99994.354971889
2024-11-10,99995.2045667232
2024-11-11,99993.1356267314
2024-11-12,99991.85869931268
2024-11-13,99991.41374797474
2024-11-14,99991.36066013119
2024-11-15,99988.51437048531
2024-11-16,99988.83775602623
2024-11-17,99989.49318832888
2024-11-18,99989.66387935921
2024-11-19,99989.65910677786
2024-11-20,99989.51264063982
2024-11-21,99990.21026852819
2024-11-22,99987.95134171445
2024-11-23,99987.75582233528
2024-11-24,99987.43747773934
2024-11-25,99987.06872511315
2024-11-26,99984.98598562238
2024-11-27,99985.25933318753
2024-11-28,99984.17950067898
2024-11-29,99984.33424311591
2024-11-30,99984.92143300505
2024-12-01,99985.08216974359
2024-12-02,99985.7434356885
2024-12-03,99988.94777506194
2024-12-04,99987.67463553279
2024-12-05,99988.98352482327
2024-12-06,99987.13486781406
2024-12-07,99987.0820390429
2024-12-08,99983.29687944222
2024-12-09,99982.82200665733
2024-12-10,99981.94784315336
2024-12-11,99982.7947200141
2024-12-12,99983.9427263824
2024-12-13,99981.55384219869
2024-12-14,99982.47652780915
2024-12-15,99979.66011931749
2024-12-16,99976.35430988498
2024-12-17,99976.07255044577
2024-12-18,99977.92580610677
2024-12-19,99978.67754143025
2024-12-20,99979.47646504619
2024-12-21,99978.20881997325
2024-12-22,99978.22645295609
2024-12-23,99978.27587812864
2024-12-24,99977.6258065711
2024-12-25,99977.61821912776
2024-12-26,99978.76583110505
2024-12-27,99976.57325305176
2024-12-28,99977.26655813848
2024-12-29,99973.7177264915
2024-12-30,99973.70001615242
2024-12-31,99971.8194007964
